order_number,size,min_in,max_in
5DT-AWS,5,8.5,15.5
5DT-AWS,7,7.5,14.5
6DT-AWS,6,8,15
6DT-AWS,8,7,14
5DT-AWS-SS,5,8.5,15.5
5DT-AWS-SS,7,7.5,14.5
6DT-AWS-SS,6,8,15
6DT-AWS-SS,8,7,14
5DT-AWSX,5,8.5,15.5
5DT-AWSX,7,7.5,14.5
6DT-AWSX,6,8,15
6DT-AWSX,8,7,14
5DT-AWSX-SS,5,8.5,15.5
5DT-AWSX-SS,7,7.5,14.5
6DT-AWSX-SS,6,8,15
6DT-AWSX-SS,8,7,14
5DT-XWS,5,8.5,15.5
5DT-XWS,7,7.5,14.5
6DT-XWS,6,8,15
6DT-XWS,8,7,14
5DT-XWS-SS,5,8.5,15.5
5DT-XWS-SS,7,7.5,14.5
6DT-XWS-SS,6,8,15
6DT-XWS-SS,8,7,14
