order_number,attribute,value
6DT-CS24IS-2,functions_as_attic_shield,1
6DT-CS36IS-2,functions_as_attic_shield,1
6DT-CS24RIS-2,functions_as_attic_shield,1
6DT-SRSE,functions_as_attic_shield,1
7DT-SRSE,functions_as_attic_shield,1
8DT-SRSE,functions_as_attic_shield,1
6DT-CS24R-2,reduced_clearance,1
6DT-CS24RIS-2,reduced_clearance,1
5DT-CS11-2,accepts_connector,SINGLE_WALL|DOUBLE_WALL
6DT-CS11-2,accepts_connector,SINGLE_WALL|DOUBLE_WALL
7DT-CS11-2,accepts_connector,SINGLE_WALL|DOUBLE_WALL
8DT-CS11-2,accepts_connector,SINGLE_WALL|DOUBLE_WALL
6DT-CS24-2,accepts_connector,SINGLE_WALL|DOUBLE_WALL
7DT-CS24-2,accepts_connector,SINGLE_WALL|DOUBLE_WALL
8DT-CS24-2,accepts_connector,SINGLE_WALL|DOUBLE_WALL
6DT-CS36-2,accepts_connector,SINGLE_WALL|DOUBLE_WALL
7DT-CS36-2,accepts_connector,SINGLE_WALL|DOUBLE_WALL
8DT-CS36-2,accepts_connector,SINGLE_WALL|DOUBLE_WALL
6DT-CS24R-2,accepts_connector,SINGLE_WALL|DOUBLE_WALL
6DT-CS24IS-2,accepts_connector,SINGLE_WALL|DOUBLE_WALL
6DT-CS36IS-2,accepts_connector,SINGLE_WALL|DOUBLE_WALL
6DT-CS24RIS-2,accepts_connector,SINGLE_WALL|DOUBLE_WALL
6DT-RCS-2,accepts_connector,SINGLE_WALL|DOUBLE_WALL
7DT-RCS-2,accepts_connector,SINGLE_WALL|DOUBLE_WALL
8DT-RCS-2,accepts_connector,SINGLE_WALL|DOUBLE_WALL
6DT-FCS-2,accepts_connector,SINGLE_WALL|DOUBLE_WALL
7DT-FCS-2,accepts_connector,SINGLE_WALL|DOUBLE_WALL
8DT-FCS-2,accepts_connector,SINGLE_WALL|DOUBLE_WALL
5DT-FC,accepts_connector,SINGLE_WALL|DOUBLE_WALL
6DT-FC,accepts_connector,SINGLE_WALL|DOUBLE_WALL
7DT-FC,accepts_connector,SINGLE_WALL|DOUBLE_WALL
8DT-FC,accepts_connector,SINGLE_WALL|DOUBLE_WALL
6DT-F6DSA,roof_surface,METAL_OR_TILE
8DT-F6DSA,roof_surface,METAL_OR_TILE
6DT-F12DSA,roof_surface,METAL_OR_TILE
8DT-F12DSA,roof_surface,METAL_OR_TILE
URBAK,roof_surface,METAL_CORRUGATED
URBAK,max_pitch_by_size,8:10
6DT-SP,also_fits_sizes,10
6DT-06B,interior_only,1
6DT-09B,interior_only,1
6DT-12B,interior_only,1
7DT-06B,interior_only,1
7DT-09B,interior_only,1
7DT-12B,interior_only,1
8DT-06B,interior_only,1
8DT-09B,interior_only,1
8DT-12B,interior_only,1
