angle_deg,between_desc,between_nominal_in,offset_in,rise_in
15,"0""",0,2,16.5
15,"6""",6,3.25,21.25
15,"9""",9,4,24.125
15,"12""",12,4.75,27
15,"18""",18,6.25,32.75
15,"24""",24,8,38.5
15,"36""",36,11,50.25
15,"48""",48,14.25,61.75
15,"48"" + 6""",54,15.5,66.5
15,"48"" + 9""",57,16.25,69.375
15,"48"" + 12""",60,17,72.25
15,"48"" + 18""",66,18.5,78
15,"48"" + 24""",72,20,83.75
30,"0""",0,4,15.75
30,"6""",6,6.25,20
30,"9""",9,7.75,22.625
30,"12""",12,9.25,25.25
30,"18""",18,12.25,30.25
30,"24""",24,15.25,35.5
30,"36""",36,21.25,46
30,"48""",48,27.25,56.25
30,"48"" + 6""",54,29.75,60.5
30,"48"" + 9""",57,31.25,63.125
30,"48"" + 12""",60,32.75,65.75
30,"48"" + 18""",66,35.75,71
30,"48"" + 24""",72,38.75,76
