order_number,stock_number,category,description,sizes,finish,carton_filler,nominal_length_in,adjustable_min_in,adjustable_max_in,elbow_angle_deg,pitch_min,pitch_max,pitch_applies_to,height_in,max_supported_ft,max_supported_with_straps_ft,wall_min_in,wall_max_in,wall_max_extended_in,standoff_min_in,standoff_max_in,optional,active,source_page,note
6DT-21TASS,810000092,ADJUSTABLE_PIPE,"6"" DuraTech adjustable pipe 14""-22"", SS",6,SS,0,,14,22,,,,,,,,,,,,,0,1,7,
8DT-21TASS,810000234,ADJUSTABLE_PIPE,"8"" DuraTech adjustable pipe 14""-22"", SS",8,SS,0,,14,22,,,,,,,,,,,,,0,1,7,
5DT-AP,810000038,ANCHOR_PLATE,"5"" anchor plate",5,,0,,,,,,,,,,,,,,,,0,1,17,
6DT-AP,810000116,ANCHOR_PLATE,"6"" anchor plate",6,,0,,,,,,,,,,,,,,,,0,1,17,
7DT-AP,810000189,ANCHOR_PLATE,"7"" anchor plate",7,,0,,,,,,,,,,,,,,,,0,1,17,
8DT-AP,810000257,ANCHOR_PLATE,"8"" anchor plate",8,,0,,,,,,,,,,,,,,,,0,1,17,
5DT-IS,810000040,ATTIC_SHIELD,"5"" attic insulation shield",5,,0,,,,,,,,15,,,,,,,,0,1,13,
6DT-IS,810000122,ATTIC_SHIELD,"6"" attic insulation shield",6,,0,,,,,,,,15,,,,,,,,0,1,13,
7DT-IS,810000191,ATTIC_SHIELD,"7"" attic insulation shield",7,,0,,,,,,,,15,,,,,,,,0,1,13,
8DT-IS,810000263,ATTIC_SHIELD,"8"" attic insulation shield",8,,0,,,,,,,,15,,,,,,,,0,1,13,
5DT-VC,810000050,CAP,"5"" chimney cap",5,SS,0,,,,,,,,,,,,,,,,0,1,21,
6DT-VC,810000135,CAP,"6"" chimney cap",6,SS,0,,,,,,,,,,,,,,,,0,1,21,
7DT-VC,810000203,CAP,"7"" chimney cap",7,SS,0,,,,,,,,,,,,,,,,0,1,21,
8DT-VC,810000276,CAP,"8"" chimney cap",8,SS,0,,,,,,,,,,,,,,,,0,1,21,
195802,5DK,CAP,"5"" DIKAPT anti-downdraft cap",5,SS,0,,,,,,,,,,,,,,,,1,1,21,Order # and stock # columns appear swapped vs. every other table.
196802,6DK,CAP,"6"" DIKAPT anti-downdraft cap",6,SS,0,,,,,,,,,,,,,,,,1,1,21,Order # and stock # columns appear swapped vs. every other table.
197802,7DK,CAP,"7"" DIKAPT anti-downdraft cap",7,SS,0,,,,,,,,,,,,,,,,1,1,21,Order # and stock # columns appear swapped vs. every other table.
198802,8DK,CAP,"8"" DIKAPT anti-downdraft cap",8,SS,0,,,,,,,,,,,,,,,,1,1,21,Order # and stock # columns appear swapped vs. every other table.
6DT-FCS-2,810018509,CEILING_SUPPORT_FLAT,"6"" unpainted flat-ceiling support box (mechanical rooms)",6,UNPAINTED,0,,,,,0,0,ceiling,11.5,60,,,,,,,0,1,12,
7DT-FCS-2,810018510,CEILING_SUPPORT_FLAT,"7"" unpainted flat-ceiling support box (mechanical rooms)",7,UNPAINTED,0,,,,,0,0,ceiling,11.5,60,,,,,,,0,1,12,
8DT-FCS-2,810018511,CEILING_SUPPORT_FLAT,"8"" unpainted flat-ceiling support box (mechanical rooms)",8,UNPAINTED,0,,,,,0,0,ceiling,11.5,60,,,,,,,0,1,12,
6DT-RCS-2,810018505,CEILING_SUPPORT_ROUND,"6"" round ceiling support box (trim sold separately)",6,BLACK,0,,,,,,,,9.52,60,,,,,,,0,1,12,
7DT-RCS-2,810018506,CEILING_SUPPORT_ROUND,"7"" round ceiling support box (trim sold separately)",7,BLACK,0,,,,,,,,9.52,60,,,,,,,0,1,12,
8DT-RCS-2,810018507,CEILING_SUPPORT_ROUND,"8"" round ceiling support box (trim sold separately)",8,BLACK,0,,,,,,,,9.52,60,,,,,,,0,1,12,
5DT-CS11-2,810018487,CEILING_SUPPORT_SQUARE,"5"" square ceiling support box, 11"" tall",5,BLACK,0,,,,,,,,11,,,,,,,,0,1,10,Max supported height not stated on p.10; confirm in installation manual.
6DT-CS11-2,810018488,CEILING_SUPPORT_SQUARE,"6"" square ceiling support box, 11"" tall",6,BLACK,0,,,,,,,,11,,,,,,,,0,1,10,Max supported height not stated on p.10; confirm in installation manual.
7DT-CS11-2,810018489,CEILING_SUPPORT_SQUARE,"7"" square ceiling support box, 11"" tall",7,BLACK,0,,,,,,,,11,,,,,,,,0,1,10,Max supported height not stated on p.10; confirm in installation manual.
8DT-CS11-2,810018490,CEILING_SUPPORT_SQUARE,"8"" square ceiling support box, 11"" tall",8,BLACK,0,,,,,,,,11,,,,,,,,0,1,10,Max supported height not stated on p.10; confirm in installation manual.
6DT-CS24-2,810018492,CEILING_SUPPORT_SQUARE,"6"" square ceiling support box, 24"" tall",6,BLACK,0,,,,,,,,24,,,,,,,,0,1,10,Max supported height not stated on p.10; confirm in installation manual.
7DT-CS24-2,810018493,CEILING_SUPPORT_SQUARE,"7"" square ceiling support box, 24"" tall",7,BLACK,0,,,,,,,,24,,,,,,,,0,1,10,Max supported height not stated on p.10; confirm in installation manual.
8DT-CS24-2,810018494,CEILING_SUPPORT_SQUARE,"8"" square ceiling support box, 24"" tall",8,BLACK,0,,,,,,,,24,,,,,,,,0,1,10,Max supported height not stated on p.10; confirm in installation manual.
6DT-CS36-2,810018496,CEILING_SUPPORT_SQUARE,"6"" square ceiling support box, 36"" tall",6,BLACK,0,,,,,,,,36,,,,,,,,0,1,10,Max supported height not stated on p.10; confirm in installation manual.
7DT-CS36-2,810018497,CEILING_SUPPORT_SQUARE,"7"" square ceiling support box, 36"" tall",7,BLACK,0,,,,,,,,36,,,,,,,,0,1,10,Max supported height not stated on p.10; confirm in installation manual.
8DT-CS36-2,810018499,CEILING_SUPPORT_SQUARE,"8"" square ceiling support box, 36"" tall",8,BLACK,0,,,,,,,,36,,,,,,,,0,1,10,Max supported height not stated on p.10; confirm in installation manual.
6DT-CS24R-2,810018499,CEILING_SUPPORT_SQUARE,"6"" reduced-clearance square ceiling support box, 24""",6,BLACK,0,,,,,,,,24,,,,,,,,0,1,10,"Stock # printed as 810018499, identical to 8DT-CS36-2. One is a catalog typo; confirm with Duravent."
6DT-CS24IS-2,810018500,CEILING_SUPPORT_SQUARE_COLLAR,"6"" square ceiling support box w/ collar, 24"" (acts as attic insulation shield)",6,BLACK,0,,,,,,,,24,60,,,,,,,0,1,11,
6DT-CS36IS-2,810018501,CEILING_SUPPORT_SQUARE_COLLAR,"6"" square ceiling support box w/ collar, 36"" (acts as attic insulation shield)",6,BLACK,0,,,,,,,,36,60,,,,,,,0,1,11,
6DT-CS24RIS-2,810018503,CEILING_SUPPORT_SQUARE_COLLAR,"6"" reduced-clearance square ceiling support box w/ collar, 24"" (acts as attic insulation shield)",6,BLACK,0,,,,,,,,24,60,,,,,,,0,1,11,
6DT-CAI,810005052,CHASE_AIR_INTAKE,Chase air intake w/ rodent guard,6,,0,,,,,,,,,,,,,,,,0,1,21,
5DT-CTF,810000042,CHASE_TOP_FLASHING,"5"" chase top flashing",5,GALV,0,,,,,,,,,,,,,,,,0,1,18,
6DT-CTF,810000124,CHASE_TOP_FLASHING,"6"" chase top flashing",6,GALV,0,,,,,,,,,,,,,,,,0,1,18,
7DT-CTF,810000193,CHASE_TOP_FLASHING,"7"" chase top flashing",7,GALV,0,,,,,,,,,,,,,,,,0,1,18,
8DT-CTF,810000265,CHASE_TOP_FLASHING,"8"" chase top flashing",8,GALV,0,,,,,,,,,,,,,,,,0,1,18,
6DT-06,810000067,CHIMNEY_PIPE,"6"" DuraTech 6"" chimney pipe, GA",6,GA,0,6,,,,,,,,,,,,,,,0,1,7,
6DT-06B,810000068,CHIMNEY_PIPE,"6"" DuraTech 6"" chimney pipe, BLACK",6,BLACK,0,6,,,,,,,,,,,,,,,0,1,7,
6DT-06SS,810000069,CHIMNEY_PIPE,"6"" DuraTech 6"" chimney pipe, SS",6,SS,0,6,,,,,,,,,,,,,,,0,1,7,
6DT-09,810000070,CHIMNEY_PIPE,"6"" DuraTech 9"" chimney pipe, GA",6,GA,0,9,,,,,,,,,,,,,,,0,1,7,
6DT-09B,810000071,CHIMNEY_PIPE,"6"" DuraTech 9"" chimney pipe, BLACK",6,BLACK,0,9,,,,,,,,,,,,,,,0,1,7,
6DT-09SS,810000072,CHIMNEY_PIPE,"6"" DuraTech 9"" chimney pipe, SS",6,SS,0,9,,,,,,,,,,,,,,,0,1,7,
6DT-12,810000073,CHIMNEY_PIPE,"6"" DuraTech 12"" chimney pipe, GA",6,GA,0,12,,,,,,,,,,,,,,,0,1,7,
6DT-12B,810000074,CHIMNEY_PIPE,"6"" DuraTech 12"" chimney pipe, BLACK",6,BLACK,0,12,,,,,,,,,,,,,,,0,1,7,
6DT-12SS,810000075,CHIMNEY_PIPE,"6"" DuraTech 12"" chimney pipe, SS",6,SS,0,12,,,,,,,,,,,,,,,0,1,7,
6DT-18,810000076,CHIMNEY_PIPE,"6"" DuraTech 18"" chimney pipe, GA",6,GA,0,18,,,,,,,,,,,,,,,0,1,7,
6DT-18SS,810000077,CHIMNEY_PIPE,"6"" DuraTech 18"" chimney pipe, SS",6,SS,0,18,,,,,,,,,,,,,,,0,1,7,
6DT-24,810000078,CHIMNEY_PIPE,"6"" DuraTech 24"" chimney pipe, GA",6,GA,0,24,,,,,,,,,,,,,,,0,1,7,
6DT-24CF,810000079,CHIMNEY_PIPE,"6"" DuraTech 24"" chimney pipe, GA (carton filler)",6,GA,1,24,,,,,,,,,,,,,,,0,1,7,
6DT-24SS,810000080,CHIMNEY_PIPE,"6"" DuraTech 24"" chimney pipe, SS",6,SS,0,24,,,,,,,,,,,,,,,0,1,7,
6DT-24SSCF,810000081,CHIMNEY_PIPE,"6"" DuraTech 24"" chimney pipe, SS (carton filler)",6,SS,1,24,,,,,,,,,,,,,,,0,1,7,
6DT-36,810000082,CHIMNEY_PIPE,"6"" DuraTech 36"" chimney pipe, GA",6,GA,0,36,,,,,,,,,,,,,,,0,1,7,
6DT-36CF,810000083,CHIMNEY_PIPE,"6"" DuraTech 36"" chimney pipe, GA (carton filler)",6,GA,1,36,,,,,,,,,,,,,,,0,1,7,
6DT-36SS,810000084,CHIMNEY_PIPE,"6"" DuraTech 36"" chimney pipe, SS",6,SS,0,36,,,,,,,,,,,,,,,0,1,7,
6DT-36SSCF,810000085,CHIMNEY_PIPE,"6"" DuraTech 36"" chimney pipe, SS (carton filler)",6,SS,1,36,,,,,,,,,,,,,,,0,1,7,
6DT-48,810000086,CHIMNEY_PIPE,"6"" DuraTech 48"" chimney pipe, GA",6,GA,0,48,,,,,,,,,,,,,,,0,1,7,
6DT-48CF,810000087,CHIMNEY_PIPE,"6"" DuraTech 48"" chimney pipe, GA (carton filler)",6,GA,1,48,,,,,,,,,,,,,,,0,1,7,
6DT-48SS,810000088,CHIMNEY_PIPE,"6"" DuraTech 48"" chimney pipe, SS",6,SS,0,48,,,,,,,,,,,,,,,0,1,7,
6DT-48SSCF,810000089,CHIMNEY_PIPE,"6"" DuraTech 48"" chimney pipe, SS (carton filler)",6,SS,1,48,,,,,,,,,,,,,,,0,1,7,
6DT-60CF,810000090,CHIMNEY_PIPE,"6"" DuraTech 60"" chimney pipe, GA (carton filler)",6,GA,1,60,,,,,,,,,,,,,,,0,1,7,
6DT-60SSCF,810000091,CHIMNEY_PIPE,"6"" DuraTech 60"" chimney pipe, SS (carton filler)",6,SS,1,60,,,,,,,,,,,,,,,0,1,7,
7DT-06,810000141,CHIMNEY_PIPE,"7"" DuraTech 6"" chimney pipe, GA",7,GA,0,6,,,,,,,,,,,,,,,0,1,7,
7DT-06B,810000142,CHIMNEY_PIPE,"7"" DuraTech 6"" chimney pipe, BLACK",7,BLACK,0,6,,,,,,,,,,,,,,,0,1,7,
7DT-06SS,810000143,CHIMNEY_PIPE,"7"" DuraTech 6"" chimney pipe, SS",7,SS,0,6,,,,,,,,,,,,,,,0,1,7,
7DT-09,810000144,CHIMNEY_PIPE,"7"" DuraTech 9"" chimney pipe, GA",7,GA,0,9,,,,,,,,,,,,,,,0,1,7,
7DT-09B,810000145,CHIMNEY_PIPE,"7"" DuraTech 9"" chimney pipe, BLACK",7,BLACK,0,9,,,,,,,,,,,,,,,0,1,7,
7DT-09SS,810000146,CHIMNEY_PIPE,"7"" DuraTech 9"" chimney pipe, SS",7,SS,0,9,,,,,,,,,,,,,,,0,1,7,
7DT-12,810000147,CHIMNEY_PIPE,"7"" DuraTech 12"" chimney pipe, GA",7,GA,0,12,,,,,,,,,,,,,,,0,1,7,
7DT-12B,810000148,CHIMNEY_PIPE,"7"" DuraTech 12"" chimney pipe, BLACK",7,BLACK,0,12,,,,,,,,,,,,,,,0,1,7,
7DT-12SS,810000149,CHIMNEY_PIPE,"7"" DuraTech 12"" chimney pipe, SS",7,SS,0,12,,,,,,,,,,,,,,,0,1,7,
7DT-18,810000150,CHIMNEY_PIPE,"7"" DuraTech 18"" chimney pipe, GA",7,GA,0,18,,,,,,,,,,,,,,,0,1,7,
7DT-18SS,810000151,CHIMNEY_PIPE,"7"" DuraTech 18"" chimney pipe, SS",7,SS,0,18,,,,,,,,,,,,,,,0,1,7,
7DT-24,810000152,CHIMNEY_PIPE,"7"" DuraTech 24"" chimney pipe, GA",7,GA,0,24,,,,,,,,,,,,,,,0,1,7,
7DT-24CF,810000153,CHIMNEY_PIPE,"7"" DuraTech 24"" chimney pipe, GA (carton filler)",7,GA,1,24,,,,,,,,,,,,,,,0,1,7,
7DT-24SS,810000154,CHIMNEY_PIPE,"7"" DuraTech 24"" chimney pipe, SS",7,SS,0,24,,,,,,,,,,,,,,,0,1,7,
7DT-24SSCF,810000155,CHIMNEY_PIPE,"7"" DuraTech 24"" chimney pipe, SS (carton filler)",7,SS,1,24,,,,,,,,,,,,,,,0,1,7,
7DT-36,810000156,CHIMNEY_PIPE,"7"" DuraTech 36"" chimney pipe, GA",7,GA,0,36,,,,,,,,,,,,,,,0,1,7,
7DT-36CF,810000157,CHIMNEY_PIPE,"7"" DuraTech 36"" chimney pipe, GA (carton filler)",7,GA,1,36,,,,,,,,,,,,,,,0,1,7,
7DT-36SS,810000158,CHIMNEY_PIPE,"7"" DuraTech 36"" chimney pipe, SS",7,SS,0,36,,,,,,,,,,,,,,,0,1,7,
7DT-36SSCF,810000159,CHIMNEY_PIPE,"7"" DuraTech 36"" chimney pipe, SS (carton filler)",7,SS,1,36,,,,,,,,,,,,,,,0,1,7,
7DT-48,810000160,CHIMNEY_PIPE,"7"" DuraTech 48"" chimney pipe, GA",7,GA,0,48,,,,,,,,,,,,,,,0,1,7,
7DT-48CF,810000161,CHIMNEY_PIPE,"7"" DuraTech 48"" chimney pipe, GA (carton filler)",7,GA,1,48,,,,,,,,,,,,,,,0,1,7,
7DT-48SS,810000162,CHIMNEY_PIPE,"7"" DuraTech 48"" chimney pipe, SS",7,SS,0,48,,,,,,,,,,,,,,,0,1,7,
7DT-48SSCF,810000163,CHIMNEY_PIPE,"7"" DuraTech 48"" chimney pipe, SS (carton filler)",7,SS,1,48,,,,,,,,,,,,,,,0,1,7,
7DT-60CF,810000164,CHIMNEY_PIPE,"7"" DuraTech 60"" chimney pipe, GA (carton filler)",7,GA,1,60,,,,,,,,,,,,,,,0,1,7,
7DT-60SSCF,810000165,CHIMNEY_PIPE,"7"" DuraTech 60"" chimney pipe, SS (carton filler)",7,SS,1,60,,,,,,,,,,,,,,,0,1,7,
8DT-06,810000209,CHIMNEY_PIPE,"8"" DuraTech 6"" chimney pipe, GA",8,GA,0,6,,,,,,,,,,,,,,,0,1,7,
8DT-06B,810000210,CHIMNEY_PIPE,"8"" DuraTech 6"" chimney pipe, BLACK",8,BLACK,0,6,,,,,,,,,,,,,,,0,1,7,
8DT-06SS,810000211,CHIMNEY_PIPE,"8"" DuraTech 6"" chimney pipe, SS",8,SS,0,6,,,,,,,,,,,,,,,0,1,7,
8DT-09,810000212,CHIMNEY_PIPE,"8"" DuraTech 9"" chimney pipe, GA",8,GA,0,9,,,,,,,,,,,,,,,0,1,7,
8DT-09B,810000213,CHIMNEY_PIPE,"8"" DuraTech 9"" chimney pipe, BLACK",8,BLACK,0,9,,,,,,,,,,,,,,,0,1,7,
8DT-09SS,810000214,CHIMNEY_PIPE,"8"" DuraTech 9"" chimney pipe, SS",8,SS,0,9,,,,,,,,,,,,,,,0,1,7,
8DT-12,810000215,CHIMNEY_PIPE,"8"" DuraTech 12"" chimney pipe, GA",8,GA,0,12,,,,,,,,,,,,,,,0,1,7,
8DT-12B,810000216,CHIMNEY_PIPE,"8"" DuraTech 12"" chimney pipe, BLACK",8,BLACK,0,12,,,,,,,,,,,,,,,0,1,7,
8DT-12SS,810000217,CHIMNEY_PIPE,"8"" DuraTech 12"" chimney pipe, SS",8,SS,0,12,,,,,,,,,,,,,,,0,1,7,
8DT-18,810000218,CHIMNEY_PIPE,"8"" DuraTech 18"" chimney pipe, GA",8,GA,0,18,,,,,,,,,,,,,,,0,1,7,
8DT-18SS,810000219,CHIMNEY_PIPE,"8"" DuraTech 18"" chimney pipe, SS",8,SS,0,18,,,,,,,,,,,,,,,0,1,7,
8DT-24,810000220,CHIMNEY_PIPE,"8"" DuraTech 24"" chimney pipe, GA",8,GA,0,24,,,,,,,,,,,,,,,0,1,7,
8DT-24CF,810000221,CHIMNEY_PIPE,"8"" DuraTech 24"" chimney pipe, GA (carton filler)",8,GA,1,24,,,,,,,,,,,,,,,0,1,7,
8DT-24SS,810000222,CHIMNEY_PIPE,"8"" DuraTech 24"" chimney pipe, SS",8,SS,0,24,,,,,,,,,,,,,,,0,1,7,
8DT-24SSCF,810000223,CHIMNEY_PIPE,"8"" DuraTech 24"" chimney pipe, SS (carton filler)",8,SS,1,24,,,,,,,,,,,,,,,0,1,7,
8DT-36,810000224,CHIMNEY_PIPE,"8"" DuraTech 36"" chimney pipe, GA",8,GA,0,36,,,,,,,,,,,,,,,0,1,7,
8DT-36CF,810000225,CHIMNEY_PIPE,"8"" DuraTech 36"" chimney pipe, GA (carton filler)",8,GA,1,36,,,,,,,,,,,,,,,0,1,7,
8DT-36SS,810000226,CHIMNEY_PIPE,"8"" DuraTech 36"" chimney pipe, SS",8,SS,0,36,,,,,,,,,,,,,,,0,1,7,
8DT-36SSCF,810000227,CHIMNEY_PIPE,"8"" DuraTech 36"" chimney pipe, SS (carton filler)",8,SS,1,36,,,,,,,,,,,,,,,0,1,7,
8DT-48,810000228,CHIMNEY_PIPE,"8"" DuraTech 48"" chimney pipe, GA",8,GA,0,48,,,,,,,,,,,,,,,0,1,7,
8DT-48CF,810000229,CHIMNEY_PIPE,"8"" DuraTech 48"" chimney pipe, GA (carton filler)",8,GA,1,48,,,,,,,,,,,,,,,0,1,7,
8DT-48SS,810000230,CHIMNEY_PIPE,"8"" DuraTech 48"" chimney pipe, SS",8,SS,0,48,,,,,,,,,,,,,,,0,1,7,
8DT-48SSCF,810000231,CHIMNEY_PIPE,"8"" DuraTech 48"" chimney pipe, SS (carton filler)",8,SS,1,48,,,,,,,,,,,,,,,0,1,7,
8DT-60CF,810000232,CHIMNEY_PIPE,"8"" DuraTech 60"" chimney pipe, GA (carton filler)",8,GA,1,60,,,,,,,,,,,,,,,0,1,7,
8DT-60SSCF,810000233,CHIMNEY_PIPE,"8"" DuraTech 60"" chimney pipe, SS (carton filler)",8,SS,1,60,,,,,,,,,,,,,,,0,1,7,
5DT-06SS,810000001,CHIMNEY_PIPE,"5"" DuraTech 6"" chimney pipe, SS",5,SS,0,6,,,,,,,,,,,,,,,0,1,7,
5DT-09SS,810000003,CHIMNEY_PIPE,"5"" DuraTech 9"" chimney pipe, SS",5,SS,0,9,,,,,,,,,,,,,,,0,1,7,
5DT-12SS,810000005,CHIMNEY_PIPE,"5"" DuraTech 12"" chimney pipe, SS",5,SS,0,12,,,,,,,,,,,,,,,0,1,7,
5DT-18SS,810000006,CHIMNEY_PIPE,"5"" DuraTech 18"" chimney pipe, SS",5,SS,0,18,,,,,,,,,,,,,,,0,1,7,
5DT-24SS,810000008,CHIMNEY_PIPE,"5"" DuraTech 24"" chimney pipe, SS",5,SS,0,24,,,,,,,,,,,,,,,0,1,7,
5DT-24SSCF,810000009,CHIMNEY_PIPE,"5"" DuraTech 24"" chimney pipe, SS (carton filler)",5,SS,1,24,,,,,,,,,,,,,,,0,1,7,
5DT-36SS,810000010,CHIMNEY_PIPE,"5"" DuraTech 36"" chimney pipe, SS",5,SS,0,36,,,,,,,,,,,,,,,0,1,7,
5DT-36SSCF,810000011,CHIMNEY_PIPE,"5"" DuraTech 36"" chimney pipe, SS (carton filler)",5,SS,1,36,,,,,,,,,,,,,,,0,1,7,
5DT-48SS,810000012,CHIMNEY_PIPE,"5"" DuraTech 48"" chimney pipe, SS",5,SS,0,48,,,,,,,,,,,,,,,0,1,7,
5DT-48SSCF,810000013,CHIMNEY_PIPE,"5"" DuraTech 48"" chimney pipe, SS (carton filler)",5,SS,1,48,,,,,,,,,,,,,,,0,1,7,
5DT-60SSCF,810000014,CHIMNEY_PIPE,"5"" DuraTech 60"" chimney pipe, SS (carton filler)",5,SS,1,60,,,,,,,,,,,,,,,0,1,7,
6DT-E15K,810000093,ELBOW_KIT,"6"" DuraTech 15° elbow kit (2 elbows + strap), GA",6,GA,0,,,,15,,,,,,,,,,,,0,1,8,
7DT-E15K,810000166,ELBOW_KIT,"7"" DuraTech 15° elbow kit (2 elbows + strap), GA",7,GA,0,,,,15,,,,,,,,,,,,0,1,8,
8DT-E15K,810000235,ELBOW_KIT,"8"" DuraTech 15° elbow kit (2 elbows + strap), GA",8,GA,0,,,,15,,,,,,,,,,,,0,1,8,
5DT-E15KSS,810000015,ELBOW_KIT,"5"" DuraTech 15° elbow kit (2 elbows + strap), SS",5,SS,0,,,,15,,,,,,,,,,,,0,1,8,
6DT-E15KSS,810000094,ELBOW_KIT,"6"" DuraTech 15° elbow kit (2 elbows + strap), SS",6,SS,0,,,,15,,,,,,,,,,,,0,1,8,
7DT-E15KSS,810000167,ELBOW_KIT,"7"" DuraTech 15° elbow kit (2 elbows + strap), SS",7,SS,0,,,,15,,,,,,,,,,,,0,1,8,
8DT-E15KSS,810000236,ELBOW_KIT,"8"" DuraTech 15° elbow kit (2 elbows + strap), SS",8,SS,0,,,,15,,,,,,,,,,,,0,1,8,
6DT-E30K,810000095,ELBOW_KIT,"6"" DuraTech 30° elbow kit (2 elbows + strap), GA",6,GA,0,,,,30,,,,,,,,,,,,0,1,8,
7DT-E30K,810000168,ELBOW_KIT,"7"" DuraTech 30° elbow kit (2 elbows + strap), GA",7,GA,0,,,,30,,,,,,,,,,,,0,1,8,
8DT-E30K,810000237,ELBOW_KIT,"8"" DuraTech 30° elbow kit (2 elbows + strap), GA",8,GA,0,,,,30,,,,,,,,,,,,0,1,8,
5DT-E30KSS,810000016,ELBOW_KIT,"5"" DuraTech 30° elbow kit (2 elbows + strap), SS",5,SS,0,,,,30,,,,,,,,,,,,0,1,8,
6DT-E30KSS,810000096,ELBOW_KIT,"6"" DuraTech 30° elbow kit (2 elbows + strap), SS",6,SS,0,,,,30,,,,,,,,,,,,0,1,8,
7DT-E30KSS,810000169,ELBOW_KIT,"7"" DuraTech 30° elbow kit (2 elbows + strap), SS",7,SS,0,,,,30,,,,,,,,,,,,0,1,8,
8DT-E30KSS,810000238,ELBOW_KIT,"8"" DuraTech 30° elbow kit (2 elbows + strap), SS",8,SS,0,,,,30,,,,,,,,,,,,0,1,8,
5DT-AES,810007985,ELBOW_STRAP,"Adjustable elbow strap for 5"" & 7""",5|7,,0,,,,,,,,,,,,,,,,0,1,9,
6DT-AES,810007986,ELBOW_STRAP,"Adjustable elbow strap for 6"" & 8""",6|8,,0,,,,,,,,,,,,,,,,0,1,9,
5DT-XRS,810007989,EXT_ROOF_BRACKET,"Adjustable extended roof bracket for 5"" & 7""",5|7,,0,,67,114,,,,,,,,,,,,,0,1,18,
6DT-XRS,810007990,EXT_ROOF_BRACKET,"Adjustable extended roof bracket for 6"" & 8""",6|8,,0,,67,114,,,,,,,,,,,,,0,1,18,
5DT-FC,810000037,FINISHING_COLLAR,"5"" finishing collar w/ adapter",5,BLACK,0,,,,,,,,,,,,,,,,0,1,17,
6DT-FC,810000115,FINISHING_COLLAR,"6"" finishing collar w/ adapter",6,BLACK,0,,,,,,,,,,,,,,,,0,1,17,
7DT-FC,810000188,FINISHING_COLLAR,"7"" finishing collar w/ adapter",7,BLACK,0,,,,,,,,,,,,,,,,0,1,17,
8DT-FC,810000256,FINISHING_COLLAR,"8"" finishing collar w/ adapter",8,BLACK,0,,,,,,,,,,,,,,,,0,1,17,
5DT-FRS,810000039,FIRESTOP,"5"" firestop radiation shield",5,,0,,,,,,,,,,,,,,,,0,1,13,
6DT-FRS,810000121,FIRESTOP,"6"" firestop radiation shield",6,,0,,,,,,,,,,,,,,,,0,1,13,
7DT-FRS,810000190,FIRESTOP,"7"" firestop radiation shield",7,,0,,,,,,,,,,,,,,,,0,1,13,
8DT-FRS,810000262,FIRESTOP,"8"" firestop radiation shield",8,,0,,,,,,,,,,,,,,,,0,1,13,
5DT-LB,810000051,LOCKING_BAND,"5"" DuraTech locking band (optional)",5,,0,,,,,,,,,,,,,,,,1,1,9,
6DT-LB,810000136,LOCKING_BAND,"6"" DuraTech locking band (optional)",6,,0,,,,,,,,,,,,,,,,1,1,9,
7DT-LB,810000204,LOCKING_BAND,"7"" DuraTech locking band (optional)",7,,0,,,,,,,,,,,,,,,,1,1,9,
8DT-LB,810000277,LOCKING_BAND,"8"" DuraTech locking band (optional)",8,,0,,,,,,,,,,,,,,,,1,1,9,
6DT-SRSE,810018519,PASS_THROUGH_SHIELD,"6"" pass-through radiation shield (24""-36"")",6,,0,,24,36,,,,,,,,,,,,,0,1,18,
7DT-SRSE,810018520,PASS_THROUGH_SHIELD,"7"" pass-through radiation shield (24""-36"")",7,,0,,24,36,,,,,,,,,,,,,0,1,18,
8DT-SRSE,810018521,PASS_THROUGH_SHIELD,"8"" pass-through radiation shield (24""-36"")",8,,0,,24,36,,,,,,,,,,,,,0,1,18,
5DT-RES,810007999,RESUPPORT,"Adjustable re-support bracket for 5"" & 7""",5|7,,0,,,,,,,,,20,,,,,2,6,0,1,15,
6DT-RES,810008000,RESUPPORT,"Adjustable re-support bracket for 6"" & 8""",6|8,,0,,,,,,,,,20,,,,,2,6,0,1,15,
5DT-F6,810000045,ROOF_FLASHING,"5"" adjustable roof flashing 0/12-6/12",5,GALV,0,,,,,0,6,roof,,,,,,,,,0,1,19,
6DT-F6,810000126,ROOF_FLASHING,"6"" adjustable roof flashing 0/12-6/12",6,GALV,0,,,,,0,6,roof,,,,,,,,,0,1,19,
7DT-F6,810000196,ROOF_FLASHING,"7"" adjustable roof flashing 0/12-6/12",7,GALV,0,,,,,0,6,roof,,,,,,,,,0,1,19,
8DT-F6,810000267,ROOF_FLASHING,"8"" adjustable roof flashing 0/12-6/12",8,GALV,0,,,,,0,6,roof,,,,,,,,,0,1,19,
5DT-F12,810000046,ROOF_FLASHING,"5"" adjustable roof flashing 7/12-12/12",5,GALV,0,,,,,7,12,roof,,,,,,,,,0,1,19,
6DT-F12,810000128,ROOF_FLASHING,"6"" adjustable roof flashing 7/12-12/12",6,GALV,0,,,,,7,12,roof,,,,,,,,,0,1,19,
7DT-F12,810000197,ROOF_FLASHING,"7"" adjustable roof flashing 7/12-12/12",7,GALV,0,,,,,7,12,roof,,,,,,,,,0,1,19,
8DT-F12,810000269,ROOF_FLASHING,"8"" adjustable roof flashing 7/12-12/12",8,GALV,0,,,,,7,12,roof,,,,,,,,,0,1,19,
5DT-F18,810000047,ROOF_FLASHING,"5"" adjustable roof flashing 13/12-18/12",5,GALV,0,,,,,13,18,roof,,,,,,,,,0,1,19,
6DT-F18,810000130,ROOF_FLASHING,"6"" adjustable roof flashing 13/12-18/12",6,GALV,0,,,,,13,18,roof,,,,,,,,,0,1,19,
7DT-F18,810000198,ROOF_FLASHING,"7"" adjustable roof flashing 13/12-18/12",7,GALV,0,,,,,13,18,roof,,,,,,,,,0,1,19,
8DT-F18,810000271,ROOF_FLASHING,"8"" adjustable roof flashing 13/12-18/12",8,GALV,0,,,,,13,18,roof,,,,,,,,,0,1,19,
5DT-F24,810000048,ROOF_FLASHING,"5"" adjustable roof flashing 19/12-24/12",5,GALV,0,,,,,19,24,roof,,,,,,,,,0,1,19,
6DT-F24,810000131,ROOF_FLASHING,"6"" adjustable roof flashing 19/12-24/12",6,GALV,0,,,,,19,24,roof,,,,,,,,,0,1,19,
7DT-F24,810000199,ROOF_FLASHING,"7"" adjustable roof flashing 19/12-24/12",7,GALV,0,,,,,19,24,roof,,,,,,,,,0,1,19,
8DT-F24,810000272,ROOF_FLASHING,"8"" adjustable roof flashing 19/12-24/12",8,GALV,0,,,,,19,24,roof,,,,,,,,,0,1,19,
5DT-FF,810000049,ROOF_FLASHING,"5"" flat roof flashing",5,GALV,0,,,,,0,0,roof,,,,,,,,,0,1,19,
6DT-FF,810000132,ROOF_FLASHING,"6"" flat roof flashing",6,GALV,0,,,,,0,0,roof,,,,,,,,,0,1,19,
7DT-FF,810000200,ROOF_FLASHING,"7"" flat roof flashing",7,GALV,0,,,,,0,0,roof,,,,,,,,,0,1,19,
8DT-FF,810000273,ROOF_FLASHING,"8"" flat roof flashing",8,GALV,0,,,,,0,0,roof,,,,,,,,,0,1,19,"7"" and 8"" both printed with B = 21 5/8""; possible typo."
6DT-F6L,810000133,ROOF_FLASHING,"6"" large-base roof flashing 0/12-6/12",6,GALV,0,,,,,0,6,roof,,,,,,,,,1,1,19,
7DT-F6L,810000201,ROOF_FLASHING,"7"" large-base roof flashing 0/12-6/12",7,GALV,0,,,,,0,6,roof,,,,,,,,,1,1,19,
8DT-F6L,810000274,ROOF_FLASHING,"8"" large-base roof flashing 0/12-6/12",8,GALV,0,,,,,0,6,roof,,,,,,,,,1,1,19,
6DT-F12L,810000134,ROOF_FLASHING,"6"" large-base roof flashing 7/12-12/12",6,GALV,0,,,,,7,12,roof,,,,,,,,,1,1,19,
7DT-F12L,810000202,ROOF_FLASHING,"7"" large-base roof flashing 7/12-12/12",7,GALV,0,,,,,7,12,roof,,,,,,,,,1,1,19,
8DT-F12L,810000275,ROOF_FLASHING,"8"" large-base roof flashing 7/12-12/12",8,GALV,0,,,,,7,12,roof,,,,,,,,,1,1,19,
6DT-F6DSA,810000127,ROOF_FLASHING,"6"" dead-soft aluminum flashing 0/12-6/12 (metal/tile roofs)",6,ALUM,0,,,,,0,6,roof,,,,,,,,,1,1,20,
8DT-F6DSA,810000268,ROOF_FLASHING,"8"" dead-soft aluminum flashing 0/12-6/12 (metal/tile roofs)",8,ALUM,0,,,,,0,6,roof,,,,,,,,,1,1,20,
6DT-F12DSA,810000129,ROOF_FLASHING,"6"" dead-soft aluminum flashing 7/12-12/12 (metal/tile roofs)",6,ALUM,0,,,,,7,12,roof,,,,,,,,,1,1,20,
8DT-F12DSA,810000270,ROOF_FLASHING,"8"" dead-soft aluminum flashing 7/12-12/12 (metal/tile roofs)",8,ALUM,0,,,,,7,12,roof,,,,,,,,,1,1,20,
URBAK,200275,ROOF_FLASHING,Universal rubber boot flashing kit (corrugated metal roofs),5|6|7|8,EPDM,0,,,,,0,12,roof,,,,,,,,,1,1,20,"Max pitch is 10/12 for 8"" diameter; engine must enforce per-diameter."
5DT-RRS,810000041,ROOF_RADIATION_SHIELD,"5"" roof radiation shield",5,,0,,,,,,,,15,,,,,,,,1,1,13,
6DT-RRS,810000123,ROOF_RADIATION_SHIELD,"6"" roof radiation shield",6,,0,,,,,,,,15,,,,,,,,1,1,13,
7DT-RRS,810000192,ROOF_RADIATION_SHIELD,"7"" roof radiation shield",7,,0,,,,,,,,15,,,,,,,,1,1,13,
8DT-RRS,810000264,ROOF_RADIATION_SHIELD,"8"" roof radiation shield",8,,0,,,,,,,,15,,,,,,,,1,1,13,
5DT-ARS,810007991,ROOF_SUPPORT,"Adjustable roof support for 5"" & 7""",5|7,,0,,,,,,,,,30,,,,,,,0,1,13,
6DT-ARS,810007992,ROOF_SUPPORT,"Adjustable roof support for 6"" & 8""",6|8,,0,,,,,,,,,30,,,,,,,0,1,13,
5DT-RSTC3,810000026,ROOF_SUPPORT_TRIM,"5"" roof support trim collar, ceiling 0/12-3/12",5,BLACK,0,,,,,0,3,ceiling,,,,,,,,,0,1,14,
6DT-RSTC3,810000105,ROOF_SUPPORT_TRIM,"6"" roof support trim collar, ceiling 0/12-3/12",6,BLACK,0,,,,,0,3,ceiling,,,,,,,,,0,1,14,
7DT-RSTC3,810000179,ROOF_SUPPORT_TRIM,"7"" roof support trim collar, ceiling 0/12-3/12",7,BLACK,0,,,,,0,3,ceiling,,,,,,,,,0,1,14,
8DT-RSTC3,810000246,ROOF_SUPPORT_TRIM,"8"" roof support trim collar, ceiling 0/12-3/12",8,BLACK,0,,,,,0,3,ceiling,,,,,,,,,0,1,14,
5DT-RSTC6,810000027,ROOF_SUPPORT_TRIM,"5"" roof support trim collar, ceiling 4/12-6/12",5,BLACK,0,,,,,4,6,ceiling,,,,,,,,,0,1,14,
6DT-RSTC6,810000106,ROOF_SUPPORT_TRIM,"6"" roof support trim collar, ceiling 4/12-6/12",6,BLACK,0,,,,,4,6,ceiling,,,,,,,,,0,1,14,
7DT-RSTC6,810000180,ROOF_SUPPORT_TRIM,"7"" roof support trim collar, ceiling 4/12-6/12",7,BLACK,0,,,,,4,6,ceiling,,,,,,,,,0,1,14,
8DT-RSTC6,810000247,ROOF_SUPPORT_TRIM,"8"" roof support trim collar, ceiling 4/12-6/12",8,BLACK,0,,,,,4,6,ceiling,,,,,,,,,0,1,14,
5DT-RSTC9,810000028,ROOF_SUPPORT_TRIM,"5"" roof support trim collar, ceiling 7/12-9/12",5,BLACK,0,,,,,7,9,ceiling,,,,,,,,,0,1,14,
6DT-RSTC9,810000107,ROOF_SUPPORT_TRIM,"6"" roof support trim collar, ceiling 7/12-9/12",6,BLACK,0,,,,,7,9,ceiling,,,,,,,,,0,1,14,
7DT-RSTC9,810000181,ROOF_SUPPORT_TRIM,"7"" roof support trim collar, ceiling 7/12-9/12",7,BLACK,0,,,,,7,9,ceiling,,,,,,,,,0,1,14,
8DT-RSTC9,810000248,ROOF_SUPPORT_TRIM,"8"" roof support trim collar, ceiling 7/12-9/12",8,BLACK,0,,,,,7,9,ceiling,,,,,,,,,0,1,14,
5DT-RSTC12,810000029,ROOF_SUPPORT_TRIM,"5"" roof support trim collar, ceiling 10/12-12/12",5,BLACK,0,,,,,10,12,ceiling,,,,,,,,,0,1,14,
6DT-RSTC12,810000108,ROOF_SUPPORT_TRIM,"6"" roof support trim collar, ceiling 10/12-12/12",6,BLACK,0,,,,,10,12,ceiling,,,,,,,,,0,1,14,
7DT-RSTC12,810000182,ROOF_SUPPORT_TRIM,"7"" roof support trim collar, ceiling 10/12-12/12",7,BLACK,0,,,,,10,12,ceiling,,,,,,,,,0,1,14,
8DT-RSTC12,810000249,ROOF_SUPPORT_TRIM,"8"" roof support trim collar, ceiling 10/12-12/12",8,BLACK,0,,,,,10,12,ceiling,,,,,,,,,0,1,14,
6DT-SP,810007981,SNOW_SPLITTER,Snow splitter,6|7|8,GALV,0,,,,,,,,,,,,,,,,1,1,18,
5DT-SA,810000054,SPARK_ARRESTOR,"Spark arrestor (trim to fit), 5""-8""",5|6|7|8,SS,0,,,,,,,,,,,,,,,,1,1,21,
5DT-SC,810000043,STORM_COLLAR,"Storm collar for 5"" & 6""",5|6,GALV,0,,,,,,,,,,,,,,,,0,1,20,
7DT-SC,810000194,STORM_COLLAR,"Storm collar for 7"" & 8""",7|8,GALV,0,,,,,,,,,,,,,,,,0,1,20,
6DT-SBRU,810007036,SUPPORT_BOX_RAILS,Support box rails (installer aid),6,,0,,,,,,,,,,,,,,,,1,1,14,
6DT-ST,810000113,TEE,"6"" DuraTech tee with cap, GA",6,GA,0,,,,,,,,,,,,,,,,0,1,9,"Catalog p.9 shows a second, older dimension table (stock 9375GA...) with different C/D/E values; this row uses the table carrying current order numbers."
7DT-ST,810000186,TEE,"7"" DuraTech tee with cap, GA",7,GA,0,,,,,,,,,,,,,,,,0,1,9,"Catalog p.9 shows a second, older dimension table (stock 9375GA...) with different C/D/E values; this row uses the table carrying current order numbers."
8DT-ST,810000254,TEE,"8"" DuraTech tee with cap, GA",8,GA,0,,,,,,,,,,,,,,,,0,1,9,"Catalog p.9 shows a second, older dimension table (stock 9375GA...) with different C/D/E values; this row uses the table carrying current order numbers."
5DT-STSS,810000036,TEE,"5"" DuraTech tee with cap, SS",5,SS,0,,,,,,,,,,,,,,,,0,1,9,"Catalog p.9 shows a second, older dimension table (stock 9375GA...) with different C/D/E values; this row uses the table carrying current order numbers."
6DT-STSS,810000114,TEE,"6"" DuraTech tee with cap, SS",6,SS,0,,,,,,,,,,,,,,,,0,1,9,"Catalog p.9 shows a second, older dimension table (stock 9375GA...) with different C/D/E values; this row uses the table carrying current order numbers."
7DT-STSS,810000187,TEE,"7"" DuraTech tee with cap, SS",7,SS,0,,,,,,,,,,,,,,,,0,1,9,"Catalog p.9 shows a second, older dimension table (stock 9375GA...) with different C/D/E values; this row uses the table carrying current order numbers."
8DT-STSS,810000255,TEE,"8"" DuraTech tee with cap, SS",8,SS,0,,,,,,,,,,,,,,,,0,1,9,"Catalog p.9 shows a second, older dimension table (stock 9375GA...) with different C/D/E values; this row uses the table carrying current order numbers."
5DT-TSB,810000033,TEE_SUPPORT,"5"" adjustable tee support bracket, GA",5,GA,0,,,,,,,,,50,70,,,,2,6,0,1,15,
6DT-TSB,810000111,TEE_SUPPORT,"6"" adjustable tee support bracket, GA",6,GA,0,,,,,,,,,50,70,,,,2,6,0,1,15,
7DT-TSB,810000184,TEE_SUPPORT,"7"" adjustable tee support bracket, GA",7,GA,0,,,,,,,,,50,70,,,,2,6,0,1,15,
8DT-TSB,810000252,TEE_SUPPORT,"8"" adjustable tee support bracket, GA",8,GA,0,,,,,,,,,50,70,,,,2,6,0,1,15,
5DT-TSBSS,810000034,TEE_SUPPORT,"5"" adjustable tee support bracket, SS",5,SS,0,,,,,,,,,50,70,,,,2,6,0,1,15,
6DT-TSBSS,810000112,TEE_SUPPORT,"6"" adjustable tee support bracket, SS",6,SS,0,,,,,,,,,50,70,,,,2,6,0,1,15,
7DT-TSBSS,810000185,TEE_SUPPORT,"7"" adjustable tee support bracket, SS",7,SS,0,,,,,,,,,50,70,,,,2,6,0,1,15,
8DT-TSBSS,810000253,TEE_SUPPORT,"8"" adjustable tee support bracket, SS",8,SS,0,,,,,,,,,50,70,,,,2,6,0,1,15,
6DT-AP14x17,810000117,TRANSITION_ANCHOR_PLATE,"6"" transition anchor plate 14""x17""",6,,0,,,,,,,,,,,,,,,,0,1,17,
6DT-AP17x17,810000118,TRANSITION_ANCHOR_PLATE,"6"" transition anchor plate 17""x17""",6,,0,,,,,,,,,,,,,,,,0,1,17,
6DT-AP13x21,810000119,TRANSITION_ANCHOR_PLATE,"6"" transition anchor plate 13""x21""",6,,0,,,,,,,,,,,,,,,,0,1,17,
6DT-AP17x21,810000120,TRANSITION_ANCHOR_PLATE,"6"" transition anchor plate 17""x21""",6,,0,,,,,,,,,,,,,,,,0,1,17,
8DT-AP14x17,810000258,TRANSITION_ANCHOR_PLATE,"8"" transition anchor plate 14""x17""",8,,0,,,,,,,,,,,,,,,,0,1,17,
8DT-AP17x17,810000259,TRANSITION_ANCHOR_PLATE,"8"" transition anchor plate 17""x17""",8,,0,,,,,,,,,,,,,,,,0,1,17,
8DT-AP13x21,810000260,TRANSITION_ANCHOR_PLATE,"8"" transition anchor plate 13""x21""",8,,0,,,,,,,,,,,,,,,,0,1,17,
8DT-AP17x21,810000261,TRANSITION_ANCHOR_PLATE,"8"" transition anchor plate 17""x21""",8,,0,,,,,,,,,,,,,,,,0,1,17,
6DT-TC-2,810018645,TRIM_COLLAR_ROUND_BOX,"6"" square trim collar for round support box",6,BLACK,0,,,,,,,,,,,,,,,,0,1,12,
6DT-TCR-2,810018649,TRIM_COLLAR_ROUND_BOX,"6"" round trim collar for round support box",6,BLACK,0,,,,,,,,,,,,,,,,0,1,12,
7DT-TC-2,810018646,TRIM_COLLAR_ROUND_BOX,"7"" square trim collar for round support box",7,BLACK,0,,,,,,,,,,,,,,,,0,1,12,
7DT-TCR-2,810018650,TRIM_COLLAR_ROUND_BOX,"7"" round trim collar for round support box",7,BLACK,0,,,,,,,,,,,,,,,,0,1,12,
8DT-TC-2,810018647,TRIM_COLLAR_ROUND_BOX,"8"" square trim collar for round support box",8,BLACK,0,,,,,,,,,,,,,,,,0,1,12,
8DT-TCR-2,810018651,TRIM_COLLAR_ROUND_BOX,"8"" round trim collar for round support box",8,BLACK,0,,,,,,,,,,,,,,,,0,1,12,
6DT-WS,810000137,WALL_STRAP,"6"" wall strap, GA",6,GA,0,,,,,,,,,,,,,,2,6,0,1,16,
8DT-WS,810000278,WALL_STRAP,"8"" wall strap, GA",8,GA,0,,,,,,,,,,,,,,2,6,0,1,16,
6DT-WSSS,810000138,WALL_STRAP,"6"" wall strap, SS",6,SS,0,,,,,,,,,,,,,,2,6,0,1,16,
8DT-WSSS,810000279,WALL_STRAP,"8"" wall strap, SS",8,SS,0,,,,,,,,,,,,,,2,6,0,1,16,
5DT-AWS,810007987,WALL_STRAP_ADJ,"Adjustable wall strap for 5"" & 7"", GA",5|7,GA,0,,,,,,,,,,,,,,2,6,0,1,16,"Catalog prints the same min/max chart beside AWS, AWSX and XWS; AWS text separately says 2""-6"" clearance. Confirm which applies."
6DT-AWS,810007988,WALL_STRAP_ADJ,"Adjustable wall strap for 6"" & 8"", GA",6|8,GA,0,,,,,,,,,,,,,,2,6,0,1,16,"Catalog prints the same min/max chart beside AWS, AWSX and XWS; AWS text separately says 2""-6"" clearance. Confirm which applies."
5DT-AWS-SS,810008010,WALL_STRAP_ADJ,"Adjustable wall strap for 5"" & 7"", SS",5|7,SS,0,,,,,,,,,,,,,,2,6,0,1,16,"Catalog prints the same min/max chart beside AWS, AWSX and XWS; AWS text separately says 2""-6"" clearance. Confirm which applies."
6DT-AWS-SS,810008012,WALL_STRAP_ADJ,"Adjustable wall strap for 6"" & 8"", SS",6|8,SS,0,,,,,,,,,,,,,,2,6,0,1,16,"Catalog prints the same min/max chart beside AWS, AWSX and XWS; AWS text separately says 2""-6"" clearance. Confirm which applies."
5DT-AWSX,810009651,WALL_STRAP_EXT,"Adjustable extended wall strap for 5"" & 7"", GA",5|7,GA,0,,,,,,,,,,,,,,,,0,1,16,
6DT-AWSX,810009652,WALL_STRAP_EXT,"Adjustable extended wall strap for 6"" & 8"", GA",6|8,GA,0,,,,,,,,,,,,,,,,0,1,16,
5DT-AWSX-SS,810009960,WALL_STRAP_EXT,"Adjustable extended wall strap for 5"" & 7"", SS",5|7,SS,0,,,,,,,,,,,,,,,,0,1,16,
6DT-AWSX-SS,810009961,WALL_STRAP_EXT,"Adjustable extended wall strap for 6"" & 8"", SS",6|8,SS,0,,,,,,,,,,,,,,,,0,1,16,
5DT-XWS,810007997,WALL_SUPPORT_EXT,"Adjustable extended wall support for 5"" & 7"", GA",5|7,GA,0,,,,,,,,,20,,,,,,,0,1,16,
6DT-XWS,810007998,WALL_SUPPORT_EXT,"Adjustable extended wall support for 6"" & 8"", GA",6|8,GA,0,,,,,,,,,20,,,,,,,0,1,16,
5DT-XWS-SS,810009962,WALL_SUPPORT_EXT,"Adjustable extended wall support for 5"" & 7"", SS",5|7,SS,0,,,,,,,,,20,,,,,,,0,1,16,
6DT-XWS-SS,810009963,WALL_SUPPORT_EXT,"Adjustable extended wall support for 6"" & 8"", SS",6|8,SS,0,,,,,,,,,20,,,,,,,0,1,16,
5DT-WT,810000030,WALL_THIMBLE,"5"" wall thimble",5,,0,,,,,,,,,,,5.5,9.5,16,,,0,1,14,
6DT-WT,810000109,WALL_THIMBLE,"6"" wall thimble",6,,0,,,,,,,,,,,5.5,9.5,16,,,0,1,14,
7DT-WT,810000183,WALL_THIMBLE,"7"" wall thimble",7,,0,,,,,,,,,,,5.5,9.5,16,,,0,1,14,
8DT-WT,810000250,WALL_THIMBLE,"8"" wall thimble",8,,0,,,,,,,,,,,5.5,9.5,16,,,0,1,14,
5DT-IWT,810014831,WALL_THIMBLE_INSULATED,"5"" insulated wall thimble",5,,0,,,,,,,,,,,5.5,9.5,16,,,0,1,15,
6DT-IWT,810014830,WALL_THIMBLE_INSULATED,"6"" insulated wall thimble",6,,0,,,,,,,,,,,5.5,9.5,16,,,0,1,15,
7DT-IWT,810014832,WALL_THIMBLE_INSULATED,"7"" insulated wall thimble",7,,0,,,,,,,,,,,5.5,9.5,16,,,0,1,15,
8DT-IWT,810014833,WALL_THIMBLE_INSULATED,"8"" insulated wall thimble",8,,0,,,,,,,,,,,5.5,9.5,16,,,0,1,15,
6DT-WTSS,810000110,WALL_THIMBLE_TRIM,"6"" stainless exterior wall thimble trim",6,SS,0,,,,,,,,,,,,,,,,1,1,14,
8DT-WTSS,810000251,WALL_THIMBLE_TRIM,"8"" stainless exterior wall thimble trim",8,SS,0,,,,,,,,,,,,,,,,1,1,14,
