code,name,system_zone,description
ADJUSTABLE_PIPE,Adjustable pipe,pipe,
ANCHOR_PLATE,Anchor plate,appliance,
ATTIC_SHIELD,Attic insulation shield,attic,
CAP,Chimney cap,termination,
CEILING_SUPPORT_FLAT,Unpainted flat ceiling support box,ceiling,
CEILING_SUPPORT_ROUND,Round ceiling support box,ceiling,
CEILING_SUPPORT_SQUARE,Square ceiling support box,ceiling,
CEILING_SUPPORT_SQUARE_COLLAR,Square ceiling support box w/ collar,ceiling,
CHASE_AIR_INTAKE,Chase air intake w/ rodent guard,chase,
CHASE_TOP_FLASHING,Chase top flashing,chase,
CHIMNEY_PIPE,Chimney pipe,pipe,
ELBOW_KIT,Elbow kit (2 elbows + strap),offset,
ELBOW_STRAP,Adjustable elbow strap,offset,
EXT_ROOF_BRACKET,Adjustable extended roof bracket,roof,
FINISHING_COLLAR,Finishing collar w/ adapter,ceiling,
FIRESTOP,Firestop radiation shield,ceiling,
LOCKING_BAND,Locking band,hardware,
PASS_THROUGH_SHIELD,Pass-through radiation shield,ceiling,
RESUPPORT,Adjustable re-support bracket,support,
ROOF_FLASHING,Roof flashing,roof,
ROOF_RADIATION_SHIELD,Roof radiation shield,roof,
ROOF_SUPPORT,Adjustable roof support,support,
ROOF_SUPPORT_TRIM,Trim collar for roof support,ceiling,
SNOW_SPLITTER,Snow splitter,roof,
SPARK_ARRESTOR,Spark arrestor,termination,
STORM_COLLAR,Storm collar,roof,
SUPPORT_BOX_RAILS,Support box rails,hardware,
TEE,Tee with cap,wall,
TEE_SUPPORT,Adjustable tee support bracket,support,
TRANSITION_ANCHOR_PLATE,Transition anchor plate (DuraLiner to DuraTech),appliance,
TRIM_COLLAR_ROUND_BOX,Trim collar for round support box,ceiling,
WALL_STRAP,Wall strap,support,
WALL_STRAP_ADJ,Adjustable wall strap,support,
WALL_STRAP_EXT,Adjustable extended wall strap,support,
WALL_SUPPORT_EXT,Adjustable extended wall support,support,
WALL_THIMBLE,Wall thimble,wall,
WALL_THIMBLE_INSULATED,Insulated wall thimble,wall,
WALL_THIMBLE_TRIM,Stainless exterior wall thimble trim,wall,
